id,type,label,value,row,col,x,y,connectedCellIds,monsterId,chestReward,requiresActivationCellId
start-2-tl,START,2,2,0,2,18.0,7.0,"start-9-tl;white-4-tl",,,
start-9-tl,START,9,9,1,2,18.0,15.0,"start-2-tl;start-6-tl;white-4-tl",,,
start-6-tl,START,6,6,2,2,18.0,23.0,"start-9-tl;start-7-tl;white-10-tl",,,
start-7-tl,START,7,7,3,2,18.0,31.0,"start-6-tl;start-3-fl;white-10-tl",,,
start-3-fl,START,3,3,3,1,11.0,31.0,"start-12-fl;start-7-tl;white-6-fl",,,
start-12-fl,START,12,12,3,0,4.0,31.0,"start-3-fl;white-5-fl",,,
white-4-tl,REGULAR,4,4,0,3,26.0,11.0,"start-2-tl;start-9-tl;white-7-top;m-purple-3",,,
white-10-tl,REGULAR,10,10,2,3,26.0,27.0,"start-6-tl;start-7-tl;white-7-top;m-grey-6",,,
white-5-fl,REGULAR,5,5,4,0,4.0,41.0,"start-12-fl;white-6-fl;activate-4-fl",,,
white-6-fl,REGULAR,6,6,4,1,11.0,41.0,"start-3-fl;white-5-fl;m-grey-6",,,
activate-4-fl,GRAY_ACTIVATION,4 (Star),4,5,1,5.5,51.0,"white-5-fl;white-12-bl",,,
white-12-bl,REGULAR,12,12,6,1,5.5,61.0,"activate-4-fl;white-2-bl",,,
white-2-bl,REGULAR,2,2,6,2,13.0,61.0,"white-12-bl;white-5-bl",,,
white-5-bl,REGULAR,5,5,5,3,20.5,53.0,"white-2-bl;white-7-bm;m-grey-10;activate-6-bl",,,
white-7-bm,REGULAR,7,7,6,4,28.0,57.0,"white-5-bl;m-grey-10;activate-6-bl",,,
m-purple-3,MONSTER,Purple Pup: 3,3,0,5,35.5,6.5,"white-4-tl;m-purple-4",purple-pup,,
m-purple-4,MONSTER,Purple Pup: 4,4,1,5,35.5,14.5,"m-purple-3;m-purple-11",purple-pup,,
m-purple-11,MONSTER,Purple Pup: 11,11,2,5,35.5,22.5,"m-purple-4;white-3-top",purple-pup,,
m-grey-6,MONSTER,Grey Hound: 6,6,4,3,19.5,39.5,"white-10-tl;white-6-fl;m-grey-8",grey-hound,,
m-grey-8,MONSTER,Grey Hound: 8,8,5,3,19.5,46.5,"m-grey-6;m-grey-10",grey-hound,,
m-grey-10,MONSTER,Grey Hound: 10,10,6,3,26.5,46.5,"m-grey-8;white-5-bl;white-7-bm;white-9-mid",grey-hound,,
white-7-top,REGULAR,7,7,2,4,32.5,23.5,"white-4-tl;white-10-tl;white-3-top;white-9-mid",,,
white-3-top,REGULAR,3,3,2,5,39.5,23.5,"white-7-top;m-purple-11;white-9-mid",,,
white-9-mid,REGULAR,9,9,3,4,34.0,36.0,"white-7-top;white-3-top;m-grey-10;chest-11",,,
chest-11,CHEST,Chest 11 (+1 Torch),,3,5,38.5,32.0,"white-9-mid;white-12-gem;white-10-gem",,TORCH,
activate-10-top,GRAY_ACTIVATION,10 (Star),10,0,6,45.5,7.0,"white-12-uc",,,
white-12-uc,REGULAR,12,12,1,6,47.5,15.0,"activate-10-top;activate-12-tr;white-10-gem",,,
white-10-gem,REGULAR,10,10,2,6,45.0,26.0,"white-12-uc;chest-11;white-12-gem;white-9-center",,,
white-12-gem,REGULAR,12,12,3,6,43.0,37.5,"white-10-gem;chest-11;white-3-center;white-10-boss-left",,,
white-9-center,REGULAR,9,9,2,7,53.0,30.0,"white-10-gem;white-6-center;white-3-center;white-2-tr",,,
white-3-center,REGULAR,3,3,3,7,49.5,38.5,"white-9-center;white-12-gem;m-boss-3",,,
white-6-center,REGULAR,6,6,2,8,60.0,30.0,"white-9-center;white-2-tr;white-11-center",,,
white-11-center,REGULAR,11,11,3,8,63.5,38.5,"white-6-center;white-7-tr",,,
white-10-boss-left,REGULAR,10,10,4,6,42.0,48.5,"white-12-gem;white-5-boss-left",,,
white-5-boss-left,REGULAR,5,5,5,6,46.0,57.0,"white-10-boss-left;white-7-bm-low",,,
activate-12-tr,GRAY_ACTIVATION,12 (Star),12,0,8,54.5,10.0,"white-12-uc;white-2-tr",,,
white-2-tr,REGULAR,2,2,1,8,58.5,17.5,"activate-12-tr;white-8-tr;white-6-center;white-9-center",,,
white-8-tr,REGULAR,8,8,2,8.5,57.0,24.5,"white-2-tr;white-9-tr;white-7-tr",,,
start-3-tr,START,3,3,0,10,67.0,10.5,"start-4-tr",,,
start-4-tr,START,4,4,0,11,74.0,10.5,"start-3-tr;start-5-tr",,,
start-5-tr,START,5,5,1,11,76.0,18.0,"start-4-tr;start-8-tr",,,
start-8-tr,START,8,8,2,11,76.5,26.0,"start-5-tr;start-10-tr;white-9-tr",,,
start-10-tr,START,10,10,3,11,76.0,34.0,"start-8-tr;start-11-tr;white-2-gem-tr",,,
start-11-tr,START,11,11,4,11,77.5,42.0,"start-10-tr;chest-3-mr",,,
white-9-tr,REGULAR,9,9,2,10,70.0,24.5,"start-8-tr;white-8-tr;m-growler-9",,,
white-7-tr,REGULAR,7,7,3,9.5,65.5,34.5,"white-8-tr;white-11-center;white-2-gem-tr;m-growler-3",,,
white-2-gem-tr,REGULAR,2,2,3,10,70.5,34.0,"white-7-tr;start-10-tr;chest-3-mr",,,
chest-3-mr,CHEST,Chest 3 (+3 HP & Gem),,5,10,76.5,50.5,"start-11-tr;white-2-gem-tr;white-12-gem-mr;white-4-mr",,EXTRA_HEALTH,
white-12-gem-mr,REGULAR,12,12,5,11,84.0,48.0,"chest-3-mr",,,
white-4-mr,REGULAR,4,4,6,10,71.5,55.5,"chest-3-mr;white-7-br-mid",,,
m-growler-3,MONSTER,Green Growler: 3,3,1,10,64.5,18.0,"white-7-tr;m-growler-5",green-growler,,
m-growler-5,MONSTER,Green Growler: 5,5,2,10,64.5,22.5,"m-growler-3;m-growler-9",green-growler,,
m-growler-9,MONSTER,Green Growler: 9,9,3,10,64.5,27.0,"m-growler-5;white-9-tr",green-growler,,
activate-6-bl,GRAY_ACTIVATION,6 (Star),6,7,3,14.0,69.0,"white-5-bl;white-7-bm;white-2-bl-gem",,,
white-2-bl-gem,REGULAR,2,2,7,4,21.0,66.5,"activate-6-bl;white-5-bl-low;white-6-bm",,,
white-5-bl-low,REGULAR,5,5,8,4,21.0,77.5,"white-2-bl-gem;m-wolf-4",,,
white-6-bm,REGULAR,6,6,7,5,28.5,66.5,"white-2-bl-gem;white-8-bm",,,
white-8-bm,REGULAR,8,8,7,6,35.5,66.5,"white-6-bm;white-7-bm-low",,,
white-7-bm-low,REGULAR,7,7,7,7,42.0,68.0,"white-8-bm;white-5-boss-left;m-primal-2",,,
m-wolf-4,MONSTER,White Wolf: 4,4,9,5,29.5,75.5,"white-5-bl-low;m-wolf-5",white-wolf,,
m-wolf-5,MONSTER,White Wolf: 5,5,10,5,29.5,82.5,"m-wolf-4;m-wolf-8",white-wolf,,
m-wolf-8,MONSTER,White Wolf: 8,8,11,5,29.5,89.5,"m-wolf-5",white-wolf,,
m-primal-2,MONSTER,Primal Hare: 2,2,9,7,49.0,73.0,"white-7-bm-low;m-primal-12;white-6-bm-right",primal-hare,,
m-primal-12,MONSTER,Primal Hare: 12,12,10,7,49.0,82.0,"m-primal-2",primal-hare,,
activate-8-bm,GRAY_ACTIVATION,8 (Star),8,7,8,58.0,62.5,"white-9-bm;m-boss-8",,,
white-6-bm-right,REGULAR,6,6,8,8,56.5,73.0,"m-primal-2;white-10-bm-right",,,
white-10-bm-right,REGULAR,10,10,8,9,63.0,69.0,"white-6-bm-right;white-9-bm;white-8-br-low",,,
white-9-bm,REGULAR,9,9,7,9,64.0,62.5,"white-10-bm-right;activate-8-bm;white-7-br-mid",,,
white-7-br-mid,REGULAR,7,7,7,10,67.0,57.0,"white-9-bm;white-4-mr;white-9-br-mid",,,
white-9-br-mid,REGULAR,9,9,7,11,74.0,59.5,"white-7-br-mid;activate-2-br",,,
white-8-br-low,REGULAR,8,8,8,10,73.0,69.0,"white-10-bm-right;m-punk-3;activate-2-br",,,
activate-2-br,GRAY_ACTIVATION,2 (Star),2,8,11,81.0,69.0,"white-8-br-low;white-9-br-mid;m-punk-11",,,
m-punk-3,MONSTER,Punk Hare: 3,3,9,10,73.0,78.0,"white-8-br-low;m-punk-11",punk-hare,,
m-punk-11,MONSTER,Punk Hare: 11,11,10,10,80.5,78.0,"m-punk-3;activate-2-br",punk-hare,,
m-boss-3,MONSTER,Boss: 3,3,4,7,55.5,43.5,"white-3-center;m-boss-4",boss-bearpion,,
m-boss-4,MONSTER,Boss: 4,4,5,7,55.5,50.0,"m-boss-3;m-boss-5",boss-bearpion,,
m-boss-5,MONSTER,Boss: 5,5,6,7,55.5,56.5,"m-boss-4;m-boss-8",boss-bearpion,,
m-boss-8,MONSTER,Boss: 8,8,4,8,61.0,43.5,"m-boss-5;m-boss-11a;activate-8-bm",boss-bearpion,,
m-boss-11a,MONSTER,Boss: 11,11,5,8,61.0,50.0,"m-boss-8;m-boss-11b",boss-bearpion,,
m-boss-11b,MONSTER,Boss: 11 (Req Gray 8),11,6,8,61.0,56.5,"m-boss-11a;activate-8-bm",boss-bearpion,,activate-8-bm
